編號,公民營,廠商名稱_市招,行政區,經營主體,聯絡電話,分機,地址,經度,緯度
1,民營,臺北醫學大學,信義,臺北醫學大學,(02)27399118,,臺北市信義區吳興街250號,121.5627,25.0266
2,公營,信義運動中心,信義,社團法人中國青年救國團,(02)87861911,305,臺北市信義區松勤街100號,121.5668,25.0318
3,民營,World Gym健身俱樂部光復店,大安,香港商世界健身事業有限公司光復分公司 ,(02)87713555,,臺北市大安區忠孝東路4段330號B1,121.5574,25.0411
4,公營,博愛國小,信義,舞動陽光有限公司博愛營業所,(02)87892525,,臺北市信義區松仁路95巷20號,121.5711,25.0364
5,民營,GO GYM健身俱樂部永春館,信義,高盛健身事業股份有限公司永春分公司,(02)27650700,,臺北市信義區忠孝東路5段451號B1,121.5763,25.0411
6,民營,台北市中華基督教青年會永吉會館,信義,財團法人台北市中華基督教青年會,(02)27631261,,臺北市信義區永吉路500號,121.5799,25.0452
7,民營,世界健身中心民生店,松山,京庚健康世界股份有限公司民生分公司,(02)87128200,,臺北市松山區民生東路3段156號B1,121.5476,25.0574
8,民營,汐游寶寶,松山,汐游寶寶有限公司,(02)25778555,,臺北市松山區南京東路4段2號B1,121.5500,25.0514
9,民營,松山運動中心,松山,匯陽百貨事業股份有限公司松山運動中心分公司,(02)66176789,,臺北市松山區敦化北路1號,121.5501,25.0489
10,公營,松山國小,松山,頂尖運動行銷股份有限公司松山營業所,(02)25286575,,臺北市松山區八德路4段746號,121.5793,25.0512
11,公營,山豬窟游泳池,南港,舞動陽光有限公司,(02)26547412,,臺北市南港區舊莊街1段290巷32號,121.6248,25.0340
12,公營,中央研究院綜合體育館游泳池,南港,中央研究院,(02)27852717,7328,臺北市南港區研究院路2段128號,121.6167,25.0420
13,公營,南港國小,南港,緯創運動行銷有限公司南港國小運動中心,(02)27852354,,臺北市南港區惠民街67號,121.6104,25.0575
14,公營,成功高中運動中心,中正,舞動陽光有限公司成功營業所,(02)23218222,,臺北市中正區濟南路1段71號 ,121.5238,25.0424
15,公營,中正運動中心,中正,長佳機電工程股份有限公司,(02)33225016,,臺北市中正區信義路1段1號,121.5193,25.0384
16,公營,中正國中,中正,藍鯨管理顧問股份有限公司中正國中營業所,(02)23916697,331,臺北市中正區愛國東路158號 ,121.5221,25.0323
17,公營,臺北市立大學博愛校區附設泳池,中正,臺北市立大學,(02)23113040,,臺北市中正區愛國西路1號,121.5136,25.0356
18,民營,大倉久和大飯店,中山,長鴻榮實業股份有限公司,(02)21815123,,臺北市中山區南京東路1段9號,121.5232,25.0524
19,公營,中山運動中心,中山,社團法人中國青年救國團臺北市中山運動中心,(02)25711060,,臺北市中山區中山北路2段44巷2號,121.5216,25.0548
20,公營,榮星公園溫水游泳池,中山,桑斯伯國際有限公司,(02)25175383,,臺北市中山區建國北路3段39號,121.5376,25.0639
21,公營,新生公園游泳池,中山,桑斯伯國際有限公司新生公園營業站,(02)25956489,,臺北市中山區新生北路3段105號,121.5288,25.0702
22,公營,大同運動中心,大同,舞動陽光有限公司大同營業所,(02)25920055,,臺北市大同區大龍街51號,121.5161,25.0648
23,民營,桑富士運動俱樂部,大同,桑富士股份有限公司,(02)25527579,,臺北市大同區平陽街29號1樓,121.5171,25.0551
24,民營,台北市中華基督教青年會萬華會館,萬華,財團法人台北市中華基督教青年會,(02)23610271,,臺北市萬華區昆明街290號,121.5036,25.0363
25,公營,萬華運動中心 ,萬華,匯陽百貨事業股份有限公司萬華運動中心分公司,(02)23759900,,臺北市萬華區西寧南路6-1號,121.5071,25.0475
26,公營,萬華國中,萬華,正中日體育事業股份有限公司萬華營業所,(02)23390988,,臺北市萬華區西藏路201號,121.4987,25.0292
27,公營,華江高中,萬華,舞動陽光有限公司萬華營業所,(02)23396689,,臺北市萬華區西藏路213號,121.4962,25.0285
28,公營,雙園國中,萬華,加勒比健康事業股份有限公司,(02)23071700,,臺北市萬華區興義街2號,121.4927,25.0276
29,公營,大安運動中心,大安,社團法人中國青年救國團,(02)23770300,,臺北市大安區辛亥路3段55號,121.5460,25.0204
30,公營,國立臺北教育大學泳健館,大安,長佳機電工程股份有限公司,(02)27331588,,臺北市大安區和平東路2段134號,121.5447,25.0246
31,公營,仁愛國中,大安,藍鯨管理顧問股份有限公司,,,臺北市大安區仁愛路4段130號,121.5507,25.0375
32,公營,市立龍門國中,大安,雀斯納國際有限公司,(02)27373717,,臺北市大安區建國南路2段269號,121.5380,25.0249
33,公營,公務人力發展學院福華國際文教會館游泳池,大安,福華大飯店股份有限公司公務人力學院新生南營業所,(02)77122323,2013,臺北市大安區新生南路3段30號,121.5343,25.0232
34,公營,國立臺灣師範大學游泳館,大安,國立臺灣師範大學,(02)77343181,,臺北市大安區和平東路1段162號,121.5276,25.0265
35,公營,國立臺灣科技大學游泳池,大安,國立臺灣科技大學,(02)27376503,6912,臺北市大安區基隆路4段43號,121.5406,25.0137
36,公營,國立臺灣大學綜合體育館溫水游泳池,大安,國立臺灣大學,(02)33665959,,臺北市大安區羅斯福路4段1號,121.5337,25.0170
37,公營,博嘉運動公園游泳池〈木柵垃圾焚化廠〉,文山,大勝體育事業有限公司,(02)22395494,,臺北市文山區木柵路4段159巷16號,121.5756,25.0010
38,公營,萬興國小,文山,恆動力有限公司,(02)29381721,,臺北市文山區秀明路2段114號,121.5766,24.9904
39,公營,國立政治大學游泳館,文山,國立政治大學,(02)29393091,62961,臺北市文山區指南路2段64號,121.5765,24.9874
40,公營,葫蘆洲運動公園游泳池〈內湖垃圾焚化廠〉,內湖,環保局內湖垃圾焚化廠,(02)27961833,362,臺北市內湖區安康路290號,121.6035,25.0628
41,公營,市立南湖高中運動中心,內湖,舞動陽光有限公司內湖營業所,(02)26341717,,臺北市內湖區康寧路3段220號,121.6111,25.0669
42,民營,World Gym健身俱樂部大直店,中山,香港商世界健身事業有限公司大直分公司,(02)85012333,,臺北市中山區堤頂大道2段588號及590號,121.5597,25.0844
43,公營,北安國中,中山,太格股份有限公司北安營業所,(02)25325733,,臺北市中山區明水路325號,121.5416,25.0778
44,公營,濱江國小,中山,采堤運動休閒管理顧問有限公司濱江營業所,(02)85023217,,臺北市中山區樂群二路266巷99號,121.5617,25.0773
45,公營,葫蘆國小,士林,正中日體育事業股份有限公司士林營業所,(02)28111155,,臺北市士林區環河北路3段95號,121.5070,25.0838
46,公營,市立大學天母校區附設游泳池,士林,臺北市立大學,(02)28718288,,臺北市士林區忠誠路2段101號,121.5365,25.1162
47,民營,World Gym健身俱樂部天母店,士林,香港商世界健身事業有限公司天母分公司,(02)28755050,,臺北市士林區中山北路7段34號1至3樓及地下室,121.5312,25.1200
48,公營,國立陽明大學游泳池,北投,筑燕休閒事業股份有限公司陽明營業所,(02)28206000,,臺北市北投區立農街2段155號,121.5133,25.1197
49,公營,國立臺北護理健康大學北護水療中心,北投,展昭國際企業股份有限公司國立臺北護理健康大學水療中心,(02)28281528,,臺北市北投區明德路365號,121.5213,25.1175
50,公營,北投運動中心,北投,建中工程股份有限公司北投分公司,(02)28202880,,臺北市北投區石牌路1段39巷100號,121.5097,25.1163
51,民營,台北市中華基督教青年會唭理岸會館,北投,財團法人台北市中華基督教青年會,(02)28227070,,臺北市北投區承德路7段312號1樓,121.5046,25.1172
52,公營,洲美運動公園游泳池〈北投垃圾焚化廠〉,北投,綠能有限公司,(02)28340998,,臺北市北投區洲美街271號,121.4991,25.1087
53,公營,關渡國小,北投,舞動陽光有限公司北投營業所,(02)28975205,,臺北市北投區中央北路4段581號,121.4668,25.1269
54,民營,統一健身俱樂部台北京站館,大同,統一佳佳股份有限公司京站分公司,(02)25588148,,臺北市大同區市民大道1段209號8樓,121.5184,25.0489
55,公營,玉泉公園游泳池,大同,運博國際股份有限公司,(02)25509828,,臺北市大同區西寧北路28號,121.5078,25.0498
56,公營,景美游泳池附設健身房,文山,駿斯運動事業股份有限公司,(02)29356931,,臺北市文山區羅斯福路5段176巷50號,121.5366,25.0039
57,公營,靜心中小學,文山,桑斯伯國際有限公司文山營業站,(02)29359063,,臺北市文山區興隆路2段46號,121.5467,24.9990
58,公營,文山運動中心,文山,中國青年救國團臺北市文山運動中心,(02)22308268,,臺北市文山區興隆路3段222號,121.5597,24.9970
59,公營,木柵公園游泳池,文山,舞動陽光有限公司玉成營業所,(02)27265151,,臺北市文山區興隆路4段50號木柵公園內,121.5605,24.9870
60,公營,青年公園游泳池,萬華,運博國際股份有限公司,(02)23053800,,臺北市萬華區水源路199號,121.5070,25.0221
61,公營,洛德城堡,中正,建中工程股份有限公司公館分公司,(02)23677556,,臺北市中正區思源街1號,121.5306,25.0136
62,公營,國立臺灣大學總區室外游泳池,大安,國立臺灣大學,(02)33669514,,臺北市大安區羅斯福路4段1號,121.5337,25.0170
63,公營,南港運動中心,南港,中國青年救國團臺北市南港運動中心,(02)26532279,,臺北市南港區玉成街69號,121.5818,25.0488
64,公營,成德國中運動中心,南港,舞動陽光有限公司南港營業所,(02)27825000,,臺北市南港區東新街108巷23號,121.5878,25.0451
65,公營,三民公園游泳池,松山,桑斯伯國際有限公司三民公園營業站,(02)87876527,,臺北市松山區撫遠街298號,121.5685,25.0596
66,公營,玉成公園游泳池,南港,舞動陽光有限公司玉成營業所,(02)27271075,,臺北市南港區中坡南路55號,121.5858,25.0419
67,公營,前港公園游泳池,士林,運博國際股份有限公司,(02)28805598,,臺北市士林區前港街45號,121.5203,25.0851
68,公營,士林運動中心,士林,財團法人台北市中華基督教青年會,(02)28806066,,臺北市士林區士商路1號,121.5214,25.0893
69,公營,克強公園游泳池,士林,運博國際股份有限公司,(02)28323901,,臺北市士林區磺溪街55巷2號,121.5220,25.1079
70,公營,天溪綠地游泳池,北投,運博國際股份有限公司,(02)28713794,,臺北市北投區中山北路7段219巷3弄170號,121.5312,25.1285
71,公營,前山公園游泳池,北投,運博國際有限公司,,,臺北市北投區建國街4號,121.5476,25.1511
72,公營,七虎公園游泳池,北投,運博國際股份有限公司,(02)28912759,,臺北市北投區育仁路108號,121.5014,25.1363
73,公營,臺北捷運公司北投會館游泳池,北投,臺北大眾捷運股份有限公司,(02)28930105,8320,臺北市北投區大業路527巷88號,121.4840,25.1349
74,公營,內湖運動中心,內湖,社團法人中國青年救國團,(02)26277776,,臺北市內湖區洲子街12號,121.5750,25.0782
75,公營,碧湖公園游泳池,內湖,桑斯伯國際有限公司碧湖公園營業站,,,臺北市內湖區內湖路2段175號,121.5858,25.0812
76,公營,大湖公園游泳池,內湖,運博國際股份有限公司,(02)27939859,,臺北市內湖區成功路5段31號,121.6040,25.0828
77,公營,台北市美僑協會游泳池,中山,台北市美僑協會,(02)28858260,358,臺北市中山區北安路47號,121.5283,25.0780
78,民營,天母國際聯誼會游泳池,士林,嘉德開發股份有限公司,(02)28339696,,臺北市士林區中山北路6段88號地下1、2樓,121.5250,25.1050
79,民營,健身工廠台北信義廠,信義,柏鑫健康事業股份有限公司,(02)87861966,148,臺北市信義區松壽路22號4樓,121.5677,25.0356
80,民營,World Gym健身俱樂部101店,信義,京庚健康世界股份有限公司101分公司,(02)81018018,,臺北市信義區市府路45號6樓之 2,121.5639,25.0340
81,民營,Curves北醫世貿店,信義,光鹽國際健康實業有限公司  ,(02)23459995,,臺北市信義區莊敬路325巷60號3樓,121.5649,25.0290
82,民營,World Gym健身俱樂部松仁店,信義,香港商世界健身事業有限公司松仁分公司 ,(02)27299990,,臺北市信義區松仁路277號1樓及地下1樓,121.5698,25.0243
83,民營,體育客,信義,跨越體適能有限公司,(02)87326645,,臺北市信義區和平東路3段333號B1,121.5565,25.0211
84,民營,TrueYoga 全真概念忠孝瑜珈健身館,信義,全真概念健康事業股份有限公司忠孝分公司,(02)27648888,,臺北市信義區忠孝東路4段563號地下1樓,121.5640,25.0415
85,民營,Curves市府永春店,信義,孚榮哥股份有限公司,(02)27566078,,臺北市信義區忠孝東路5段259號3F,121.5708,25.0411
86,民營,X-Revolution Fitness 極進化,信義,極進化運動事業有限公司,(02)27492565,,臺北市信義區基隆路1段153號B1,121.5654,25.0423
87,民營,World Gym健身俱樂部松隆店,信義,香港商世界健身事業有限公司松隆分公司,(02)27618822,,臺北市信義區松隆路125號2樓、地下1樓及地下2樓,121.5719,25.0470
88,民營,KAT Fitness,信義,博俊體能事業有限公司,(02)27656586,,臺北市信義區永吉路302號地下、地下之1 ,121.5749,25.0454
89,民營,前勁體能訓練中心,南港,維康生活股份有限公司,(02)27859791,,臺北市南港區忠孝東路5段970號B1,121.5822,25.0443
90,民營,Curves南港店,南港,沛芮健康科技有限公司,(02)27833166,,臺北市南港區忠孝東路7段299號5樓,121.6048,25.0524
91,民營,TrueFitness 全真概念南港健身館,南港,全真概念健康事業股份有限公司南港分公司,(02)77028999,,臺北市南港區經貿二路188號4樓,121.6150,25.0593
92,民營,Hongtai Cross Fit,南港,風暴體適能股份有限公司,(02)27830321,,臺北市南港區南港路3段215號、217號,121.5806,25.0514
93,民營,勁能健身俱樂部,松山,超越極限運動館,(02)37621518,,臺北市松山區八德路4段465號2樓,121.5709,25.0500
94,民營,台北健身院八德店,松山,精漢堂開發股份有限公司八德門市部,(02)27460587,,臺北市松山區八德路4段656號B1,121.5754,25.0499
95,民營,Curves松山店,松山,雍容華國際有限公司,(02)27483117,,臺北市松山區八德路4段666號4樓,121.5761,25.0499
96,民營,臺安醫院新起點運動中心,松山,基督復臨安息日會醫療財團法人臺安醫院,(02)27718151,2388,臺北市松山區八德路2段424號7樓,121.5473,25.0481
97,民營,WAO,松山,佰藝舞蹈體適能股份有限公司,(02)25775525,,臺北市松山區八德路3段34號B1,121.5520,25.0481
98,民營,全民運動健身中心八德店,松山,龍品國際開發有限公司八德門市,(02)25770921,,臺北市松山區八德路3段34號地下一層之1,121.5520,25.0481
99,民營,Force Fitness小巨蛋店,松山,原力健康事業股份有限公司小巨蛋營業所,(02)25770838,,臺北市松山區八德路3段120號2樓、2樓之1、2樓之2、2樓之3、2樓之4、2樓之5、2樓之6,121.5541,25.0480
100,民營,練健康,中山,凱羅斯健康有限公司,(02)25074196,,臺北市中山區南京東路3段29號B1,121.5380,25.0523
101,民營,Curves南京復興店,中山,優曲線國際有限公司,(02)27118908,,臺北市中山區南京東路3段208號5樓,121.5432,25.0517
102,民營,TrueYoga 全真概念環亞瑜珈健身館,松山,全真概念健康事業股份有限公司環亞分公司,(02)27161234,,臺北市松山區南京東路3段337號9、10樓,121.5480,25.0520
103,民營,GO GYM健身俱樂部巨蛋館,松山,高盛健身事業股份有限公司巨蛋分公司,(02)25796565,,臺北市松山區南京東路4段2號,121.5500,25.0514
104,民營,To Do Fitness,松山,放手做有限公司,(02)27120081,,臺北市松山區南京東路4段15號3樓之１,121.5500,25.0519
105,民營,Beyond Fitness,松山,超越體能顧問有限公司,(02)27152733,,臺北市松山區南京東路4段17號地下1樓,121.5501,25.0519
106,民營,Curves南京小巨蛋店,松山,優曲線國際有限公司松山分公司,(02)25798181,,臺北市松山區南京東路4段50號4樓之2,121.5535,25.0514
107,民營, WORK SPORTS,松山,窩糕運動事業有限公司,(02)27491991,,臺北市松山區南京東路5段84號2樓,121.5614,25.0513
108,民營,健身工廠健康場,松山,柏文健康事業股份有限公司台北健康分公司,(02)27627666,,臺北市松山區健康路156號B1,121.5574,25.0535
109,民營,World Gym健身俱樂部南京店,松山,香港商世界健身事業有限公司南京分公司,(02)27669888,,臺北市松山區南京東路5段196號1樓、198號地下1樓、198號1樓、198號2樓、198號2樓之1、198號3樓、198號4樓、200號1樓,121.5641,25.0512
110,民營,Curves南京三民店,松山,利百加健康事業有限公司,(02)27483316,,臺北市松山區南京東路5段202號3樓之5,121.5647,25.0512
111,民營,康綠企業社,松山,康綠企業社,(02)27679027,,臺北市松山區南京東路5段268號3樓,121.5669,25.0511
112,民營,Curves民生圓環店,松山,右騰實業有限公司民生營業所,(02)27666866,,臺北市松山區民生東路5段133號2樓,121.5614,25.0589
113,民營,統一健身俱樂部台北民生館,松山,統一佳佳股份有限公司民生分公司,(02)27673148,,臺北市松山區民生東路5段149號B1,121.5622,25.0590
114,民營,肌擊Office,松山,肌擊有限公司,,,臺北市松山區民生東路5段204之2號1樓,121.5648,25.0583
115,民營,長庚生物科技股份有限公司健康中心暨身心靈轉化中心,松山,長庚生物科技股份有限公司健康中心暨身心靈轉化中心,(02)27122211,,臺北市松山區民生東路4段54之3號,121.5513,25.0578
116,民營,阿基里斯Fitness Bar,松山,紅誠股份有限公司,(02)25465778,,臺北市松山區民生東路4段45號B1,121.5501,25.0579
117,民營,給力健身房,松山,給力健身有限公司,,,臺北市松山區民生東路3段128號B1,121.5460,25.0575
118,民營,Routine Fitness,大同,寰邦股份有限公司,(02)25523000,,臺北市大同區重慶北路1段1之1號3樓,121.5139,25.0495
119,民營,自由重量,大同,宸光體適能有限公司,(02)25562056,,臺北市大同區鄭州路119號地下一層,121.5110,25.0503
120,民營,PULSE Gym台北中山店,大同,鑫趨勢國際資本股份有限公司,(02)25522892,,臺北市大同區南京西路30號2樓,121.5199,25.0526
121,民營,World Gym健身俱樂部台北民權西店,大同,香港商世界健身事業有限公司台北民權西分公司 ,(02)25992555,,臺北市大同區民權西路136號1樓及地下1樓?,121.5164,25.0627
122,民營,Curves圓山花博店,大同,可芙士有限公司,(02)25997138,,臺北市大同區承德路3段229號3樓之4,121.5187,25.0705
123,民營,Curves捷運中山店,大同,佳佰曆國際有限公司,(02)25553149,,臺北市大同區承德路1段77-1號2樓,121.5177,25.0523
124,民營,Free Power運動訓練,中山,健鑫體適能有限公司,,,臺北市中山區新生北路1段83號B1,121.5283,25.0509
125,民營,Curves忠孝新生店,中正,佳仕旺國際有限公司忠孝新生店,(02)23435333,,臺北市中正區新生南路1段60號3樓,121.5326,25.0407
126,民營,波克萊體能,大安,波克萊體能顧問有限公司,(02)27216675,,臺北市大安區新生南路1段111號地下3樓,121.5331,25.0404
127,民營,World Gym健身俱樂部台北麗水店,大安,香港商世界健身事業有限公司台北麗水分公司 ,(02)23212333,,臺北市大安區麗水街18號1樓,121.5286,25.0308
128,民營,FIT Taiwan,大安,汎宇創新有限公司,(02)87292107,,臺北市大安區敦化南路1段232巷6號地下1樓,121.5477,25.0408
129,民營,59Fitness客製化運動空間,大安,數字進化有限公司,(02)27000559,,臺北市大安區敦化南路2段59號地下1樓,121.5492,25.0312
130,民營,台北健身院新生店,大安,台北健身用品店,(02)23632298,,臺北市大安區新生南路3段58號地下1樓,121.5338,25.0203
131,民營,Super FIT忠孝復興館,大安,極塑股份有限公司忠孝復興門市,(02)27717754,,臺北市大安區忠孝東路3段227號之2號2樓,121.5402,25.0419
132,民營,World Gym健身俱樂部台北統領店,大安,香港商世界健身事業有限公司忠孝分公司,(02)27739000,,臺北市大安區忠孝東路4段201號3、4樓,121.5518,25.0417
133,民營,Curves忠孝敦化店,大安,雍天盛國際有限公司,(02)27218828,,臺北市大安區忠孝東路4段250號2F-3,121.5542,25.0412
134,民營,TLF淬鍊體能訓練中心,大安,生命淬鍊體能顧問有限公司,(02)23515791,,臺北市大安區忠孝東路4段303號地下1樓,121.5555,25.0416
135,民營,好時光女生運動樂園延吉店,大安,好時光創意生活有限公司延吉分公司,,,臺北市大安區延吉街239號2樓,121.5557,25.0363
136,民營,UFC GYM TAIWAN,大安,優競健身事業股份有限公司,(02)87733772,,臺北市大安區安和路1段27號地下2樓,121.5504,25.0392
137,民營,PB SPORT,大安,十勻有限公司,(02)23223668,,臺北市大安區金山南路2段33號B1,121.5273,25.0328
138,民營,Curves六張犁店,大安,康聚股份有限公司,(02)27360050,,臺北市大安區和平東路3段258號4樓,121.5553,25.0215
139,民營,Curves和平科技店,大安,三衡一樹健康事業有限公司,(02)27551581,,臺北市大安區和平東路2段257號3樓,121.5438,25.0250
140,民營,Start Fitness,大安,史達特有限公司,(02)23581686,,臺北市大安區金山南路2段134號,121.5263,25.0296
141,民營,How How GYM    好好健身 ,大安,漢杰健身事業股份有限公司,(02)87730030,,臺北市大安區光復南路180巷6號2樓,121.5573,25.0425
142,民營,Core Space,大安,玉悍有限公司,(02)27068090,,臺北市大安區復興南路2段27號B1,121.5438,25.0319
143,民營,HI FIT運動空間,大安,核立運動顧問有限公司,(02)87733770,,臺北市大安區復興南路1段125號3樓,121.5440,25.0433
144,民營,Curves信義永康店,大安,佳仕旺國際有限公司,(02)33222610,,臺北市大安區信義路2段222號2樓,121.5313,25.0334
145,民營,健身魂,大安,智庫創意股份有限公司,(02)27042177,,臺北市大安區信義路3段109號B1,121.5391,25.0337
146,民營,World Gym健身俱樂部大安店,大安,香港商世界健身事業有限公司大安分公司,(02)23258888,,臺北市大安區信義路4段6號3樓、4樓、5樓,121.5441,25.0331
147,民營,Lioness Studio,大安,萊昂妮絲股份有限公司,(02)27033393,,臺北市大安區信義路4段261號2樓,121.5540,25.0334
148,民營,Curves信義通化店,大安,達文西育樂有限公司,(02)27043470,,臺北市大安區信義路4段263號3樓之1,121.5540,25.0334
149,民營,Anytime Fitness 台北信義安和店,大安,愛美態健康管理顧問股份有限公司,(02)27032803,,臺北市大安區信義路4段279號B1-1,121.5547,25.0333
150,民營,蜂運動訓練空間,大安,蜂動有限公司,,,臺北市大安區羅斯福路2段35巷13號1樓,121.5228,25.0280
151,民營,MARTIAL ARMOUR MMA＆FITNESS ,大安,武甲運動事業有限公司古亭營業所,(02)23631188,,臺北市大安區羅斯福路2段93號B1,121.5241,25.0251
152,民營,FIT ZONE byWorld Gym公館店,大安,香港商世界健身事業有限公司飛動公館分公司,(02)23677666,,臺北市大安區羅斯福路3段281號1樓,121.5313,25.0180
153,民營,World Gym健身俱樂部台北站前店,中正,香港商世界健身事業有限公司台北分公司,(02)23117000,,臺北市中正區忠孝西路1段50號6樓、6樓之1,121.5158,25.0463
154,民營,Curves古亭店,中正,台灣威凌克股份有限公司古亭二號分公司,(02)23643002,,臺北市中正區羅斯福路2段116號3樓之1,121.5227,25.0264
155,民營,Curves臺大公館店,中正,三衡一樹健康事業有限公司公館分公司,(02)23681100,,臺北市中正區羅斯福路4段64號4樓,121.5341,25.0147
156,民營,World Gym健身俱樂部公館店,中正,香港商世界健身事業有限公司公館分公司,(02)23660202,,臺北市中正區羅斯福路4段68號2樓,121.5343,25.0145
157,民營,TrueFitness 全真概念古亭健身館,中正,全真概念健康事業股份有限公司古亭分公司,(02)77266888,,臺北市中正區和平西路1段2號B1~3樓,121.5218,25.0268
158,民營,好時光女生運動樂園古亭店,中正,好時光創意生活有限公司,(02)23512878,,臺北市中正區南昌路2段53號1樓,121.5202,25.0276
159,民營,Force Fitness,中正,原力健康事業股份有限公司,(02)23659928,,臺北市中正區南昌路2段192號2樓之1、之2,121.5238,25.0242
160,民營,就是肌力體能訓練中心,中正,智澄體能有限公司,,,臺北市中正區金門街2-5號1樓,121.5247,25.0232
161,民營,跨時代健身中心-300壯士俱樂部,萬華,岩林健身器材有限公司,(02)23319777,,臺北市萬華區漢口街2段73號B1,121.5052,25.0461
162,民營,Curves西門漢中店,萬華,佑英有限公司,(02)23612327,,臺北市萬華區漢中街157號2樓,121.5071,25.0415
163,民營,World Gym健身俱樂部西門店,萬華,香港商世界健身事業有限公司西門分公司,(02)23889999,,臺北市萬華區西寧南路36號B1,121.5066,25.0456
164,民營,Curves青年公園店,萬華,曲律國際有限公司,(02)23379090,,臺北市萬華區青年路30巷2-3號1樓,121.5045,25.0261
165,民營,Morefit,中正,摩爾菲特國際有限公司,(02)23390002,,臺北市中正區三元街200號1樓,121.5121,25.0276
166,民營,BeeFit蜂運動寧波教室,中正,蜂動有限公司,(02)33933227,,臺北市中正區寧波西街79號,121.5168,25.0304
167,民營,PEETA FITNESS,中山,匹塔有限公司,,,臺北市中山區長安東路2段53號2樓,121.5325,25.0486
168,民營,Forge打鐵健身,中山,天策運動事業有限公司,(02)25643911,,臺北市中山區林森北路133巷67號B1,121.5275,25.0508
169,民營,植健身FIT PLANT GYM,中山,全創適能有限公司,(02)25221152,,臺北市中山區中山北路1段33巷25號1樓,121.5230,25.0486
170,民營,橡體有限公司,中山,橡體有限公司,(02)25221152,,臺北市中山區中山北路1段33巷25號2樓,121.5230,25.0486
171,民營,X-fit studio體適能健體空間,中山,明靚企業社,(02)25622296,,臺北市中山區中山北路2段56號3、4樓,121.5226,25.0564
172,民營,台北運動健身中心,中山,台北健身中心有限公司,(02)25212717,,臺北市中山區民生東路1段29號地下1樓,121.5251,25.0582
173,民營,Curves中山錦州店,中山,歐貝有限公司,(02)25232488,,臺北市中山區中山北路2段115巷45號,121.5247,25.0610
174,民營,跑者肌地 Runner Sports Training,中山,跑者肌地有限公司,,,臺北市中山區雙城街38-1號,121.5242,25.0671
175,民營,布勒斯運動顧問,中山,布勒斯運動顧問股份有限公司 ,(02)25158508,,臺北市中山區復興北路446號,121.5440,25.0640
176,民營,World Gym健身俱樂部民權東店,中山,香港商世界健身事業有限公司台北民權東分公司,(02)25155522,,臺北市中山區民權東路3段72號地下一層、74號地下一層、民權東路3段60巷1號1樓及2樓,121.5425,25.0620
177,民營,Curves民權龍江店,中山,貝拉拉有限公司,(02)25093303,,臺北市中山區民權東路3段21號7樓,121.5417,25.0626
178,民營,PULSE Gym台北建國店,中山,鑫趨勢國際資本股份有限公司,(02)25157800,,臺北市中山區建國北路1段96號1樓,121.5363,25.0504
179,民營,Curves建國長春店,中山,申展健康事業有限公司,(02)25152827,,臺北市中山區建國北路2段74號3樓,121.5365,25.0550
180,民營,Super FIT松江民權館,中山,極塑股份有限公司松民門市,(02)25179881,,臺北市中山區建國北路2段123號2樓,121.5373,25.0598
181,民營,Monkey Training猴子體能訓練,中山,康璽運動行銷有限公司,(02)25311228,,臺北市中山區松江路276號6樓,121.5330,25.0598
182,民營,EAGER SPORT,中山,伊格運動有限公司,(02)27505036,,臺北市中山區復興北路60號4樓,121.5438,25.0503
183,民營,FIT IN 健身訓練工作室台北中山店,中山,壹神體育用品有限公司,,,臺北市中山區復興北路344號3樓,121.5440,25.0598
184,民營,鍛鍊基地Workout Base ,中山,駿騰事業有限公司,(02)27188330,,臺北市中山區長春路410號2樓,121.5437,25.0545
185,民營,World Gym健身俱樂部台北長春店,中山,香港商世界健身事業有限公司台北長春分公司,(02)25215222,,臺北市中山區長春路90號、長春路90號地下1樓及新生北路2段40號,121.5250,25.0548
186,民營,VShape 頗行健體運動空間,中山,頗行健體有限公司,,,臺北市中山區長春路61巷27號及29號,121.5264,25.0559
187,民營,Curves社子延平店,士林,菲妮斯有限公司,(02)28133066,,臺北市士林區延平北路5段307號2樓,121.5093,25.0862
188,民營,Curves劍潭店,士林,駱希有限公司 ,(02)28816108,,臺北市士林區承德路4段191號2樓、2樓之1,121.5223,25.0880
189,民營,HappySport體能休閒空間,士林,蕙富瑞奇有限公司,(02)28827460,,臺北市士林區文林路205號3樓,121.5270,25.0901
190,民營,POWER FIT運動工作室,士林,波爾管理顧問有限公司,(02)28836680,,臺北市士林區大北路72號1樓,121.5251,25.0902
191,民營,巧翊體適能館,士林,巧翊體適能館,(02)28311891,,臺北市士林區中正路188號2樓,121.5272,25.0958
192,民營,TrueFitness 全真概念天母健身館,士林,全真概念健康事業股份有限公司天母分公司,(02)77471800,,臺北市士林區忠誠路2段188號B1,121.5337,25.1164
193,民營,World Gym健身俱樂部台北天母德行店,士林,香港商世界健身事業有限公司天母德行分公司,(02)28358880,,臺北市士林區德行東路331巷35號地下層、1樓及2樓,121.5379,25.1117
194,民營,Curves士林店,士林,荷聲健康促進有限公司,(02)28341248,,臺北市士林區中山北路5段687號2樓之1,121.5273,25.0972
195,民營,Curves天母店,士林,台灣威凌克股份有限公司可爾斯天母一號分公司,(02)28766108,,臺北市士林區天母西路3號3樓之11,121.5293,25.1190
196,民營,FIT ZONE BY WORLD GYM 台北天母店,士林,香港商世界健身事業有限公司飛動天母分公司 ,(02)28715333,,臺北市士林區中山北路7段73號及75號,121.5312,25.1211
197,民營,芳鄰健身 Family Gym景美店,文山,芳鄰健身事業有限公司,(02)77032559,,臺北市文山區羅斯福路6段130號地下室,121.5405,24.9971
198,民營,IN GYM樂康健身俱樂部,文山,承新國際管理顧問股份有限公司文山分公司,(02)86632618,,臺北市文山區景隆街36巷2號2樓,121.5435,24.9986
199,民營,Curves景美店,文山,好享瘦國際有限公司,(02)29315118,,臺北市文山區景文街46-1號3樓,121.5412,24.9914
200,民營,Dream Fit拳適能訓練中心,文山,拳適能館,,,臺北市文山區景美街1-4號1樓及B1,121.5417,24.9942
201,民營,真適能運動俱樂部,文山,宇妍有限公司,(02)22345630,,臺北市文山區木柵路3段77號10樓,121.5672,24.9888
202,民營,Curves文山保儀店,文山,盛璿顧問有限公司,(02)29381515,,臺北市文山區保儀路11號4樓之1,121.5687,24.9885
203,民營,運動學 Fitology,文山,全球動競健康有限公司,(02)29315887,,臺北市文山區興隆路2段252號B1,121.5543,25.0007
204,民營,Curves石牌店,北投,喬菲立有限公司,(02)28200250,,臺北市北投區裕民六路120號5樓,121.5176,25.1145
205,民營,Curves北投店,北投,戴特有限公司,(02)28936585,,臺北市北投區磺港路8號4樓,121.5021,25.1333
206,民營,聚廠樂活運動館,北投,聚廠樂活運動館,(02)28963311,,臺北市北投區北投路2段13號B1-1,121.4986,25.1310
207,民營,慢走體適能工作室,北投,慢走體適能工作室,,,臺北市士林區中山北路6段284號1樓,121.5233,25.1138
208,民營,台北市健力訓練站,北投,巨力達有限公司,,,臺北市北投區大同街137號1樓,121.4986,25.1350
209,民營,拳能健身館Dynamic Fitness,中山,拳能健身館,,,臺北市中山區樂群三路77號2樓,121.5541,25.0828
210,民營,MARTIAL ARMOUR MMA＆FITNESS大直館,內湖,武甲運動事業有限公司大直分公司,(02)26277701,,臺北市內湖區內湖路1段49號B1,121.5596,25.0851
211,民營,正能量 FITNESS,內湖,普瑞特斯有限公司,(02)87972666,,臺北市內湖區內湖路1段322號2樓,121.5699,25.0816
212,民營,TrueFitness 全真概念內湖健身館,內湖,全真概念健康事業股份有限公司內湖分公司,(02)77461111,,臺北市內湖區內湖路1段659號B1,121.5753,25.0803
213,民營,強大肌力訓練中心,內湖,強大肌力訓練中心有限公司,(02)26275282,,臺北市內湖區內湖路1段579號,121.5728,25.0811
214,民營,Curves內湖西湖店,內湖,馳洋有限公司西湖分公司,(02)26276550,,臺北市內湖區內湖路1段387巷3弄4號,121.5707,25.0824
215,民營,練一下GYMCUBE,內湖,鑫辰體能股份有限公司,(02)27906068,,臺北市內湖區成功路3段145號地下樓,121.5900,25.0796
216,民營,Curves內湖成功店,內湖,馳洋有限公司,(02)27948659,,臺北市內湖區成功路4段34號2樓,121.5917,25.0818
217,民營,轉捩點健康工作室(H.F.P STUDIO),內湖,轉捩點健康工作室,,,臺北市內湖區內湖路2段395號2樓,121.5928,25.0841
218,民營,極限健身中心內湖店,內湖,極強股份有限公司內湖分公司,(02)27956808,,臺北市內湖區民善街88號,121.5754,25.0601
219,民營,World Gym健身俱樂部內湖福華店,內湖,香港商世界健身事業有限公司內湖民權分公司 ,(02)27905522,,臺北市內湖區民權東路6段180巷6號地下2樓及地下2樓之1,121.5926,25.0682
220,公營,臺北市網球中心附設健身房,內湖,匯陽百貨事業股份有限公司臺北市網球中心分公司,(02)27951166,,臺北市內湖區民權東路6段208號,121.5967,25.0676
221,民營,Curves東湖店,內湖,奕揚國際有限公司,(02)26310798,,臺北市內湖區東湖路33巷17號1樓,121.6132,25.0699
222,民營,World Gym健身俱樂部內湖店,內湖,香港商世界健身事業有限公司內湖分公司,(02)26345488,,臺北市內湖區康寧路3段72號5至9樓及11至12樓,121.6113,25.0702
223,民營,全民運動健身中心內湖店,內湖,龍品國際開發有限公司內湖第2門市,(02)26581155,,臺北市內湖區港墘路221巷33號2樓,121.5747,25.0739
224,民營,UFC GYM 內科模範館,內湖,冠競健康事業股份有限公司,(02)27996666,,臺北市內湖區洲子街55及57號,121.5733,25.0795
225,民營,NIFEI FITNESS,內湖,妮飛體適能事業股份有限公司,(02)26270896,,臺北市內湖區瑞湖街99號1樓,121.5762,25.0736
226,民營,JOY FIT24,內湖,台灣健康前沿股份有限公司內湖營業所,(02)26270032,,臺北市內湖區文德路100號1至2樓,121.5828,25.0783
227,民營,練一下GYMCUBE文德店,內湖,曌躍股份有限公司,(02)27996667,,臺北市內湖區文德路108號地下及108號地下之1,121.5832,25.0783
228,民營,Force Fitness運動空間,中正,元動健康事業股份有限公司,(02)23969996,,臺北市中正區南昌路1段123號2樓之2,121.5183,25.0299
229,民營,Pure Yoga 臺北普及瑜珈 (忠孝館),大安,英屬維京群島商台北普及瑜珈有限公司台北分公司,(02)81617888,,臺北市大安區忠孝東路四段151號,121.5498,25.0417
230,民營,ROYAL YOGA 柔昱瑜珈會館,大安,柔昱健康事業有限公司大安分公司,(02)27128722,,臺北市大安區羅斯福路2段91號地下1樓,121.5241,25.0252
231,民營,PRANA YOGA,松山,忻慈健康事業有限公司,(02)27152323,,臺北市松山區復興北路369號2樓,121.5448,25.0624
232,民營,Yours Yoga,士林,東紘企業有限公司,(02)28365656,,臺北市士林區中山北路5段687號2樓,121.5273,25.0972
233,民營,蔡若蓁氧身工坊,中山,蔡若蓁氧身工坊股份有限公司,(02)25052777,,臺北市中山區南京東路2段172號4樓,121.5347,25.0518
234,民營,戀依佳瑜珈工作室有限公司,中山,戀依佳瑜珈工作室有限公司,(02)25216365,,臺北市中山區民權西路70號8樓,121.5198,25.0627
235,民營,索莉雅太陽瑜珈有限公司,中山,索莉雅太陽瑜珈有限公司,(02)25215627,,臺北市中山區松江路192號6樓之1,121.5329,25.0570
236,民營,Friend花式撞球俱樂部,大安,朋友花式撞球俱樂部,(02)27065133,,臺北市大安區通化街47、49號地下1樓,121.5544,25.0319
237,民營,世運花式撞球場,大安,世運花式撞球場,(02)27097993,,臺北市大安區復興南路2段157號地下1樓,121.5437,25.0281
238,民營,丁丁撞球場,中山,丁丁撞球場,(02)25994756,,臺北市中山區雙城街2-1號地下1樓,121.5243,25.0632
239,民營,九樂商行,中山,九樂商行,(02)25316268,,臺北市中山區民生東路1段29號3樓之2,121.5251,25.0582
240,民營,球聖撞球館,中山,球聖撞球館,(02)25035800,,臺北市中山區長春路258巷6號地下1樓,121.5389,25.0542
241,民營,撞球家族撞球場,中正,撞球家族撞球場,(02)23684928,,臺北市中正區和平西路1段68號地下1樓,121.5192,25.0263
242,民營,A-ONE撞球運動場,中正,A-ONE撞球運動場,(02)23898833,,臺北市中正區忠孝西路1段45號地下1、2樓,121.5179,25.0463
243,民營,哈囉休閒撞球館,中正,哈囉休閒撞球館,(02)23921758,,臺北市中正區信義路2段101號地下1樓,121.5277,25.0342
244,民營,贏家撞球休閒運動館,內湖,贏家撞球休閒運動館,(02)27933838,,臺北市內湖區成功路3段83號地下1樓,121.5900,25.0783
245,民營,好手撞球運動館,內湖,好手撞球運動館,,,臺北市內湖區成功路4段68號地下2樓,121.5929,25.0827
246,民營,飛碟撞球運動館,文山,飛碟撞球運動館,(02)22665252,,臺北市文山區木柵路3段96號地下2樓,121.5673,24.9883
247,民營,景文撞球運動館,文山,景文撞球運動館,(02)29349636,,臺北市文山區景文街42號地下1樓,121.5412,24.9917
248,民營,全球撞球館,文山,全球撞球館,(02)29345895,,臺北市文山區羅斯福路5段88號地下1樓,121.5382,25.0075
249,民營,世界盃撞球運動館,北投,世界盃撞球運動館,(02)28952200,,臺北市北投區中和街34號地下1樓,121.5028,25.1381
250,民營,米家撞球用品社,北投,米家撞球用品社,(02)28276872,,臺北市北投區尊賢街226號地下1樓,121.5078,25.1160
251,民營,大聯盟商行,松山,大聯盟商行,(02)27482540,,臺北市松山區塔悠路81號3樓,121.5705,25.0520
252,民營,九球大師撞球概念館,松山,九球大師撞球概念館,(02)25795600,,臺北市松山區八德路3段83號B1,121.5532,25.0483
253,民營,有誼撞球運動館,信義,有誼撞球運動館,(02)87852797,,臺北市信義區忠孝東路5段669號地下1樓,121.5796,25.0421
254,民營,朝陽撞球運動館,萬華,朝陽撞球運動館,(02)23086978,,臺北市萬華區西園路2段188號地下1樓,121.4958,25.0295
255,民營,博仕撞球運動館,士林,博仕撞球運動館,(02)28855252,,臺北市士林區承德路4段52.54號地下1樓,121.5217,25.0795
256,民營,統帥遊樂場,大安,統帥遊樂場,(02)77845392,,臺北市大安區忠孝東路4段197號9樓之8之10,121.5516,25.0417
257,民營,巧克叔叔體育用品社,中山,巧克叔叔體育用品社,(02)25075977,,臺北市中山區龍江路329號B1,121.5410,25.0627
258,民營,中正遊樂場,中山,中正遊樂場,(02)25173233,,中山區松江路281號B1,121.5334,25.0602
259,民營,好客撞球場,萬華,好客撞球場,(02)23813456,,臺北市萬華區漢口街2段54號 B1,121.5059,25.0458
260,民營,全球撞球館,中正,全球撞球館,(02)29345895,,臺北市中正區羅斯福路5段88號B1,121.5348,25.0140
261,民營,岩究所攀岩館,大同,思福緹股份有限公司,(02)25508081,,臺北市大同區迪化街1段251號,121.5094,25.0607
262,民營,原岩攀岩館,萬華,原岩運動顧問有限公司,(02)23088250,,臺北市萬華區大理街149號,121.4969,25.0342
263,民營,市民抱石館,南港,拔山企業股份有限公司,(02)27886220,,臺北市南港區市民大道8段552號1樓,121.6139,25.0539
264,民營,國榮桌球信義館,信義,國榮桌球館,(02)27088488,,臺北市信義區光復南路432號2樓,121.5577,25.0358
265,民營,國榮桌球行天宮館,中山,日榮桌球館,(02)25189262,,臺北市中山區松江路283號3樓,121.5334,25.0602
266,民營,國榮桌球古亭館,中正,國榮桌球館,(02)23688818,,台北市中正區和平西路1段34號2樓,121.5204,25.0265
267,民營,穜欣桌球館,士林,穜欣桌球館,(02)28731818,,臺北市士林區天母西路13巷9號,121.5278,25.1192
268,民營,圓山育樂中心,士林,中國體育振興企業股份有限公司,(02)28812277,,臺北市士林區中山北路5段6號,121.5256,25.0824
269,民營,長興極限空間,大同,集武躍有限公司,(02)25529553,,臺北市大同區重慶北路2段162號1樓,121.5135,25.0589
270,民營,台北滑雪學校,內湖,台灣滑雪學苑有限公司,(02)87917365,,臺北市內湖區行愛路77巷67號,121.5832,25.0637
